{
    "Hispaniola": [8.58345, 48.88122],
    "Bahamas": [8.58471, 48.88163],
    "Cuba": [8.5849, 48.88127],
    "Anguilla": [8.58641, 48.88171],
    "Tortuga": [8.58606, 48.88081],
    "Jamaica": [8.58798, 48.88148],
    "Martinique": [8.58798, 48.8808],
    "Puerto Rico": [8.58764, 48.88003]
  }
  